<INSERT_TEMPLATE_INFO version="4.0" encoding="UTF-8">
	<TEMPLATE>
		<FACE_DETECTION image_index="0" mask_name="face_0" />
		<BASIS>frame0_basis_0_uv.png</BASIS>
		<INSERTIMAGE id="0" layout="crop" comment="User image: Область Вписывания Лица" ratio="1" image_index="0">
			<methods_list>
				<method order="1">
					<name>masks_control</name>
					<params>mix_mode=cls</params>
				</method>
				<method order="2">
					<name>position_by_face_points</name>
					<params>alt_position=((48,1),(0.773251173231337,0.241773365162037)),((54,1),(0.831378230342159,0.241773365162037)),((92,1),(0.770501935040509,0.177580840499313)),((93,1),(0.834520241066262,0.177580840499313));is_allways_copy_mask=TRUE;is_keep_old_image=TRUE;use_koofs_for_size=TRUE</params>
				</method>
				<method order="3">
					<name>style_transfer</name>
					<params>style_id=1432;post_process=FALSE;opacity=100;restore_size=TRUE</params>
				</method>
			</methods_list>
			<POINTS>
				<TOPLEFT x_percents="0" y_percents="0" />
				<TOPRIGHT x_percents="1" y_percents="0" />
				<BOTTOMLEFT x_percents="0" y_percents="1" />
				<BOTTOMRIGHT x_percents="1" y_percents="1" />
			</POINTS>
		</INSERTIMAGE>
		<INSERTIMAGE id="1" layout="crop" comment="Graphic layer: Графический слой 3 [uv]" ratio="1" layer_image="frame0_layer_0_uv.png" />
		<AUTO_RESIZE min_size="200" image_index="0" />
	</TEMPLATE>
</INSERT_TEMPLATE_INFO>